order_item_id,order_id,variant_id,quantity,unit_price,line_total
OI000001,O00001,V087,1368,25.0,34200.0
OI000002,O00001,V058,1253,15.0,18795.0
OI000003,O00001,V041,1636,15.0,24540.0
OI000004,O00001,V110,114,19.0,2166.0
OI000005,O00001,V063,1613,8.0,12904.0
OI000006,O00002,V015,101,6.5,656.5
OI000007,O00003,V104,1726,18.5,31931.0
OI000008,O00003,V049,1039,15.5,16104.5
OI000009,O00003,V105,1960,19.0,37240.0
OI000010,O00003,V052,1636,15.0,24540.0
OI000011,O00003,V012,1404,5.5,7722.0
OI000012,O00004,V053,1209,15.0,18135.0
OI000013,O00005,V090,1040,26.0,27040.0
OI000014,O00005,V074,666,8.5,5661.0
OI000015,O00005,V062,751,8.0,6008.0
OI000016,O00006,V015,249,6.5,1618.5
OI000017,O00006,V107,1131,18.0,20358.0
OI000018,O00007,V075,1766,9.0,15894.0
OI000019,O00007,V004,1353,6.0,8118.0
OI000020,O00008,V103,515,18.0,9270.0
OI000021,O00008,V085,788,26.0,20488.0
OI000022,O00008,V074,840,8.5,7140.0
OI000023,O00008,V112,1952,18.0,35136.0
OI000024,O00008,V051,1200,15.0,18000.0
OI000025,O00009,V100,274,26.0,7124.0
OI000026,O00010,V016,904,5.5,4972.0
OI000027,O00011,V068,1543,8.0,12344.0
OI000028,O00011,V064,1674,8.5,14229.0
OI000029,O00011,V042,1548,15.0,23220.0
OI000030,O00011,V070,407,9.0,3663.0
OI000031,O00012,V002,1227,5.5,6748.5
OI000032,O00012,V085,842,26.0,21892.0
OI000033,O00012,V006,400,5.5,2200.0
OI000034,O00013,V086,109,25.0,2725.0
OI000035,O00013,V087,454,25.0,11350.0
OI000036,O00013,V065,1090,9.0,9810.0
OI000037,O00013,V100,1209,26.0,31434.0
OI000038,O00013,V103,803,18.0,14454.0
OI000039,O00014,V009,349,6.0,2094.0
OI000040,O00014,V113,564,18.0,10152.0
OI000041,O00014,V067,1900,8.0,15200.0
OI000042,O00015,V058,899,15.0,13485.0
OI000043,O00015,V092,1055,25.0,26375.0
OI000044,O00016,V011,1921,5.5,10565.5
OI000045,O00016,V102,1005,18.0,18090.0
OI000046,O00016,V044,555,15.5,8602.5
OI000047,O00016,V105,1162,19.0,22078.0
OI000048,O00016,V071,92,8.0,736.0
OI000049,O00017,V057,831,15.0,12465.0
OI000050,O00017,V016,1798,5.5,9889.0
OI000051,O00017,V026,1774,12.0,21288.0
OI000052,O00017,V024,1314,12.5,16425.0
OI000053,O00018,V055,1113,16.0,17808.0
OI000054,O00019,V039,799,12.5,9987.5
OI000055,O00019,V010,1598,6.5,10387.0
OI000056,O00019,V041,1064,15.0,15960.0
OI000057,O00019,V032,1934,12.0,23208.0
OI000058,O00020,V007,1275,5.5,7012.5
OI000059,O00020,V032,740,12.0,8880.0
OI000060,O00020,V049,325,15.5,5037.5
OI000061,O00020,V009,1430,6.0,8580.0
OI000062,O00020,V081,1773,25.0,44325.0
OI000063,O00021,V006,660,5.5,3630.0
OI000064,O00021,V029,575,12.5,7187.5
OI000065,O00022,V014,1990,6.0,11940.0
OI000066,O00022,V042,1744,15.0,26160.0
OI000067,O00022,V058,1709,15.0,25635.0
OI000068,O00023,V078,666,8.0,5328.0
OI000069,O00023,V066,484,8.0,3872.0
OI000070,O00024,V019,1138,6.0,6828.0
OI000071,O00024,V107,1000,18.0,18000.0
OI000072,O00024,V017,171,5.5,940.5
OI000073,O00024,V001,806,5.5,4433.0
OI000074,O00024,V076,971,8.0,7768.0
OI000075,O00025,V073,1959,8.0,15672.0
OI000076,O00025,V021,1232,12.0,14784.0
OI000077,O00026,V038,563,12.0,6756.0
OI000078,O00027,V117,535,18.0,9630.0
OI000079,O00027,V071,1533,8.0,12264.0
OI000080,O00027,V055,77,16.0,1232.0
OI000081,O00027,V064,57,8.5,484.5
OI000082,O00028,V025,113,13.0,1469.0
OI000083,O00029,V114,202,18.5,3737.0
OI000084,O00029,V073,362,8.0,2896.0
OI000085,O00029,V036,1062,12.0,12744.0
OI000086,O00030,V091,316,25.0,7900.0
OI000087,O00030,V018,1453,5.5,7991.5
OI000088,O00030,V082,1376,25.0,34400.0
OI000089,O00030,V092,638,25.0,15950.0
OI000090,O00031,V098,243,25.0,6075.0
OI000091,O00031,V116,1162,18.0,20916.0
OI000092,O00031,V042,1359,15.0,20385.0
OI000093,O00031,V075,1862,9.0,16758.0
OI000094,O00031,V029,384,12.5,4800.0
OI000095,O00032,V072,1636,8.0,13088.0
OI000096,O00032,V118,1780,18.0,32040.0
OI000097,O00032,V027,1525,12.0,18300.0
OI000098,O00032,V093,1288,25.0,32200.0
OI000099,O00032,V076,1863,8.0,14904.0
OI000100,O00033,V084,1092,25.5,27846.0
OI000101,O00033,V013,1663,5.5,9146.5
OI000102,O00034,V079,106,8.5,901.0
OI000103,O00035,V050,202,16.0,3232.0
OI000104,O00035,V053,1636,15.0,24540.0
OI000105,O00035,V022,1075,12.0,12900.0
OI000106,O00036,V028,1154,12.0,13848.0
OI000107,O00036,V064,1381,8.5,11738.5
OI000108,O00036,V085,1055,26.0,27430.0
OI000109,O00036,V016,461,5.5,2535.5
OI000110,O00036,V049,132,15.5,2046.0
OI000111,O00037,V021,504,12.0,6048.0
OI000112,O00038,V057,670,15.0,10050.0
OI000113,O00039,V010,716,6.5,4654.0
OI000114,O00039,V049,1974,15.5,30597.0
OI000115,O00039,V033,1284,12.0,15408.0
OI000116,O00039,V100,550,26.0,14300.0
OI000117,O00039,V110,1187,19.0,22553.0
OI000118,O00040,V024,646,12.5,8075.0
OI000119,O00041,V115,911,19.0,17309.0
OI000120,O00041,V040,408,13.0,5304.0
OI000121,O00041,V113,960,18.0,17280.0
OI000122,O00041,V099,1008,25.5,25704.0
OI000123,O00041,V077,912,8.0,7296.0
OI000124,O00042,V045,1815,16.0,29040.0
OI000125,O00042,V051,1880,15.0,28200.0
OI000126,O00042,V107,67,18.0,1206.0
OI000127,O00042,V094,700,25.5,17850.0
OI000128,O00042,V041,1539,15.0,23085.0
OI000129,O00043,V104,1883,18.5,34835.5
OI000130,O00043,V087,1217,25.0,30425.0
OI000131,O00043,V068,960,8.0,7680.0
OI000132,O00043,V096,121,25.0,3025.0
OI000133,O00043,V063,1230,8.0,9840.0
OI000134,O00044,V049,1647,15.5,25528.5
OI000135,O00044,V106,258,18.0,4644.0
OI000136,O00044,V022,1308,12.0,15696.0
OI000137,O00044,V045,240,16.0,3840.0
OI000138,O00044,V079,1570,8.5,13345.0
OI000139,O00045,V099,693,25.5,17671.5
OI000140,O00045,V117,1404,18.0,25272.0
OI000141,O00046,V099,1850,25.5,47175.0
OI000142,O00046,V017,1700,5.5,9350.0
OI000143,O00046,V035,1697,13.0,22061.0
OI000144,O00046,V086,600,25.0,15000.0
OI000145,O00047,V069,1059,8.5,9001.5
OI000146,O00047,V112,690,18.0,12420.0
OI000147,O00047,V056,822,15.0,12330.0
OI000148,O00047,V034,483,12.5,6037.5
OI000149,O00048,V070,452,9.0,4068.0
OI000150,O00049,V042,1301,15.0,19515.0
OI000151,O00050,V093,967,25.0,24175.0
OI000152,O00050,V073,856,8.0,6848.0
OI000153,O00050,V105,1947,19.0,36993.0
OI000154,O00050,V003,381,5.5,2095.5
OI000155,O00051,V005,702,6.5,4563.0
OI000156,O00051,V076,1837,8.0,14696.0
OI000157,O00051,V066,903,8.0,7224.0
OI000158,O00052,V119,95,18.5,1757.5
OI000159,O00052,V101,71,18.0,1278.0
OI000160,O00052,V104,257,18.5,4754.5
OI000161,O00052,V112,613,18.0,11034.0
OI000162,O00052,V064,1166,8.5,9911.0
OI000163,O00053,V021,1540,12.0,18480.0
OI000164,O00053,V025,1840,13.0,23920.0
OI000165,O00053,V082,1570,25.0,39250.0
OI000166,O00053,V056,682,15.0,10230.0
OI000167,O00054,V007,212,5.5,1166.0
OI000168,O00054,V010,928,6.5,6032.0
OI000169,O00054,V069,241,8.5,2048.5
OI000170,O00054,V057,503,15.0,7545.0
OI000171,O00054,V026,1340,12.0,16080.0
OI000172,O00055,V118,767,18.0,13806.0
OI000173,O00056,V020,568,6.5,3692.0
OI000174,O00056,V041,572,15.0,8580.0
OI000175,O00056,V084,1371,25.5,34960.5
OI000176,O00057,V051,672,15.0,10080.0
OI000177,O00057,V027,1505,12.0,18060.0
OI000178,O00057,V074,819,8.5,6961.5
OI000179,O00058,V009,1338,6.0,8028.0
OI000180,O00058,V058,411,15.0,6165.0
OI000181,O00059,V070,1797,9.0,16173.0
OI000182,O00059,V078,1429,8.0,11432.0
OI000183,O00059,V111,1071,18.0,19278.0
OI000184,O00059,V102,1434,18.0,25812.0
OI000185,O00059,V017,432,5.5,2376.0
OI000186,O00060,V060,374,16.0,5984.0
OI000187,O00060,V076,1682,8.0,13456.0
OI000188,O00061,V104,1154,18.5,21349.0
OI000189,O00061,V005,1157,6.5,7520.5
OI000190,O00061,V089,55,25.5,1402.5
OI000191,O00061,V033,1158,12.0,13896.0
OI000192,O00061,V108,492,18.0,8856.0
OI000193,O00062,V054,1258,15.5,19499.0
OI000194,O00063,V046,1540,15.0,23100.0
OI000195,O00063,V022,1491,12.0,17892.0
OI000196,O00064,V016,1812,5.5,9966.0
OI000197,O00064,V068,1958,8.0,15664.0
OI000198,O00065,V037,1974,12.0,23688.0
OI000199,O00066,V079,538,8.5,4573.0
OI000200,O00067,V040,1974,13.0,25662.0
OI000201,O00068,V022,562,12.0,6744.0
OI000202,O00068,V078,1599,8.0,12792.0
OI000203,O00068,V044,275,15.5,4262.5
OI000204,O00068,V119,579,18.5,10711.5
OI000205,O00069,V047,859,15.0,12885.0
OI000206,O00069,V043,637,15.0,9555.0
OI000207,O00070,V081,1703,25.0,42575.0
OI000208,O00070,V075,1242,9.0,11178.0
OI000209,O00070,V047,1647,15.0,24705.0
OI000210,O00070,V048,979,15.0,14685.0
OI000211,O00071,V091,1986,25.0,49650.0
OI000212,O00071,V050,1887,16.0,30192.0
OI000213,O00071,V032,381,12.0,4572.0
OI000214,O00071,V073,1789,8.0,14312.0
OI000215,O00071,V056,863,15.0,12945.0
OI000216,O00072,V003,1994,5.5,10967.0
OI000217,O00073,V115,944,19.0,17936.0
OI000218,O00073,V056,1674,15.0,25110.0
OI000219,O00073,V047,1195,15.0,17925.0
OI000220,O00073,V086,661,25.0,16525.0
OI000221,O00074,V053,1919,15.0,28785.0
OI000222,O00074,V028,1807,12.0,21684.0
OI000223,O00074,V056,363,15.0,5445.0
OI000224,O00074,V071,1603,8.0,12824.0
OI000225,O00074,V068,1109,8.0,8872.0
OI000226,O00075,V049,357,15.5,5533.5
OI000227,O00075,V034,1578,12.5,19725.0
OI000228,O00075,V082,771,25.0,19275.0
OI000229,O00075,V004,344,6.0,2064.0
OI000230,O00075,V009,158,6.0,948.0
OI000231,O00076,V072,1031,8.0,8248.0
OI000232,O00076,V022,1114,12.0,13368.0
OI000233,O00076,V023,1502,12.0,18024.0
OI000234,O00076,V061,1574,8.0,12592.0
OI000235,O00077,V116,295,18.0,5310.0
OI000236,O00077,V044,767,15.5,11888.5
OI000237,O00078,V025,1732,13.0,22516.0
OI000238,O00078,V114,476,18.5,8806.0
OI000239,O00078,V038,1642,12.0,19704.0
OI000240,O00079,V050,1300,16.0,20800.0
OI000241,O00080,V115,554,19.0,10526.0
OI000242,O00080,V081,655,25.0,16375.0
OI000243,O00080,V086,1072,25.0,26800.0
OI000244,O00080,V017,343,5.5,1886.5
OI000245,O00081,V100,1664,26.0,43264.0
OI000246,O00081,V073,1357,8.0,10856.0
OI000247,O00081,V052,456,15.0,6840.0
OI000248,O00081,V054,1034,15.5,16027.0
OI000249,O00082,V047,1581,15.0,23715.0
OI000250,O00082,V001,1962,5.5,10791.0
OI000251,O00082,V071,621,8.0,4968.0
OI000252,O00082,V096,1387,25.0,34675.0
OI000253,O00082,V080,188,9.0,1692.0
OI000254,O00083,V023,1301,12.0,15612.0
OI000255,O00083,V047,168,15.0,2520.0
OI000256,O00084,V112,1059,18.0,19062.0
OI000257,O00084,V011,248,5.5,1364.0
OI000258,O00084,V106,1451,18.0,26118.0
OI000259,O00084,V086,1555,25.0,38875.0
OI000260,O00085,V085,1652,26.0,42952.0
OI000261,O00086,V045,902,16.0,14432.0
OI000262,O00086,V105,994,19.0,18886.0
OI000263,O00086,V107,878,18.0,15804.0
OI000264,O00086,V017,1083,5.5,5956.5
OI000265,O00086,V010,879,6.5,5713.5
OI000266,O00087,V070,165,9.0,1485.0
OI000267,O00088,V091,1092,25.0,27300.0
OI000268,O00088,V045,1216,16.0,19456.0
OI000269,O00089,V118,1065,18.0,19170.0
OI000270,O00089,V040,1323,13.0,17199.0
OI000271,O00089,V071,107,8.0,856.0
OI000272,O00090,V071,846,8.0,6768.0
OI000273,O00090,V063,1521,8.0,12168.0
OI000274,O00091,V091,544,25.0,13600.0
OI000275,O00091,V061,1664,8.0,13312.0
OI000276,O00091,V089,1827,25.5,46588.5
OI000277,O00091,V081,1976,25.0,49400.0
OI000278,O00091,V109,1019,18.5,18851.5
OI000279,O00092,V099,1915,25.5,48832.5
OI000280,O00092,V111,1629,18.0,29322.0
OI000281,O00092,V062,827,8.0,6616.0
OI000282,O00092,V011,1112,5.5,6116.0
OI000283,O00093,V054,1116,15.5,17298.0
OI000284,O00094,V068,452,8.0,3616.0
OI000285,O00094,V095,1088,26.0,28288.0
OI000286,O00094,V096,308,25.0,7700.0
OI000287,O00094,V061,1565,8.0,12520.0
OI000288,O00094,V025,984,13.0,12792.0
OI000289,O00095,V096,1645,25.0,41125.0
OI000290,O00095,V045,1043,16.0,16688.0
OI000291,O00095,V006,676,5.5,3718.0
OI000292,O00096,V081,323,25.0,8075.0
OI000293,O00096,V102,350,18.0,6300.0
OI000294,O00097,V020,1770,6.5,11505.0
OI000295,O00097,V109,718,18.5,13283.0
OI000296,O00097,V049,348,15.5,5394.0
OI000297,O00097,V102,634,18.0,11412.0
OI000298,O00098,V109,1266,18.5,23421.0
OI000299,O00098,V027,407,12.0,4884.0
OI000300,O00098,V040,1893,13.0,24609.0
OI000301,O00099,V086,1701,25.0,42525.0
OI000302,O00099,V002,1557,5.5,8563.5
OI000303,O00099,V051,1473,15.0,22095.0
OI000304,O00099,V010,1204,6.5,7826.0
OI000305,O00099,V058,1756,15.0,26340.0
OI000306,O00100,V089,1961,25.5,50005.5
OI000307,O00100,V077,1043,8.0,8344.0
OI000308,O00101,V024,1958,12.5,24475.0
OI000309,O00101,V083,1358,25.0,33950.0
OI000310,O00101,V078,1786,8.0,14288.0
OI000311,O00101,V118,541,18.0,9738.0
OI000312,O00102,V019,1512,6.0,9072.0
OI000313,O00102,V098,1860,25.0,46500.0
OI000314,O00102,V082,1814,25.0,45350.0
OI000315,O00103,V017,495,5.5,2722.5
OI000316,O00103,V005,722,6.5,4693.0
OI000317,O00104,V061,1472,8.0,11776.0
OI000318,O00104,V093,1974,25.0,49350.0
OI000319,O00104,V103,1774,18.0,31932.0
OI000320,O00105,V116,757,18.0,13626.0
OI000321,O00105,V015,1153,6.5,7494.5
OI000322,O00105,V114,483,18.5,8935.5
OI000323,O00105,V037,1833,12.0,21996.0
OI000324,O00106,V013,555,5.5,3052.5
OI000325,O00106,V089,670,25.5,17085.0
OI000326,O00106,V077,115,8.0,920.0
OI000327,O00106,V114,706,18.5,13061.0
OI000328,O00107,V011,964,5.5,5302.0
OI000329,O00107,V049,411,15.5,6370.5
OI000330,O00107,V039,871,12.5,10887.5
OI000331,O00107,V114,334,18.5,6179.0
OI000332,O00107,V096,1235,25.0,30875.0
OI000333,O00108,V070,208,9.0,1872.0
OI000334,O00108,V019,389,6.0,2334.0
OI000335,O00108,V058,1050,15.0,15750.0
OI000336,O00108,V068,1218,8.0,9744.0
OI000337,O00109,V063,1095,8.0,8760.0
OI000338,O00109,V117,1322,18.0,23796.0
OI000339,O00109,V003,1911,5.5,10510.5
OI000340,O00109,V024,335,12.5,4187.5
OI000341,O00109,V110,138,19.0,2622.0
OI000342,O00110,V102,266,18.0,4788.0
OI000343,O00111,V018,565,5.5,3107.5
OI000344,O00111,V007,1461,5.5,8035.5
OI000345,O00111,V090,768,26.0,19968.0
OI000346,O00112,V028,1607,12.0,19284.0
OI000347,O00113,V017,1914,5.5,10527.0
OI000348,O00113,V039,1730,12.5,21625.0
OI000349,O00113,V038,214,12.0,2568.0
OI000350,O00113,V104,462,18.5,8547.0
OI000351,O00113,V065,1554,9.0,13986.0
OI000352,O00114,V033,1720,12.0,20640.0
OI000353,O00114,V038,414,12.0,4968.0
OI000354,O00114,V052,691,15.0,10365.0
OI000355,O00114,V049,242,15.5,3751.0
OI000356,O00114,V021,455,12.0,5460.0
OI000357,O00115,V115,369,19.0,7011.0
OI000358,O00115,V052,768,15.0,11520.0
OI000359,O00115,V023,604,12.0,7248.0
OI000360,O00115,V120,1298,19.0,24662.0
OI000361,O00115,V033,1801,12.0,21612.0
OI000362,O00116,V073,1733,8.0,13864.0
OI000363,O00116,V053,542,15.0,8130.0
OI000364,O00116,V020,1015,6.5,6597.5
OI000365,O00116,V068,1440,8.0,11520.0
OI000366,O00117,V060,946,16.0,15136.0
OI000367,O00117,V016,1747,5.5,9608.5
OI000368,O00117,V006,378,5.5,2079.0
OI000369,O00117,V054,729,15.5,11299.5
OI000370,O00117,V010,424,6.5,2756.0
OI000371,O00118,V097,1747,25.0,43675.0
OI000372,O00118,V090,1973,26.0,51298.0
OI000373,O00118,V104,490,18.5,9065.0
OI000374,O00118,V108,1733,18.0,31194.0
OI000375,O00119,V059,924,15.5,14322.0
OI000376,O00119,V035,259,13.0,3367.0
OI000377,O00119,V063,145,8.0,1160.0
OI000378,O00120,V080,540,9.0,4860.0
OI000379,O00120,V093,734,25.0,18350.0
OI000380,O00120,V109,1423,18.5,26325.5
OI000381,O00120,V095,753,26.0,19578.0
OI000382,O00121,V065,872,9.0,7848.0
OI000383,O00121,V115,1616,19.0,30704.0
OI000384,O00121,V009,1757,6.0,10542.0
OI000385,O00121,V036,1509,12.0,18108.0
OI000386,O00122,V108,838,18.0,15084.0
OI000387,O00122,V024,336,12.5,4200.0
OI000388,O00122,V082,174,25.0,4350.0
OI000389,O00122,V069,460,8.5,3910.0
OI000390,O00123,V046,1137,15.0,17055.0
OI000391,O00123,V060,1803,16.0,28848.0
OI000392,O00123,V007,1523,5.5,8376.5
OI000393,O00124,V067,878,8.0,7024.0
OI000394,O00124,V058,1090,15.0,16350.0
OI000395,O00124,V072,1890,8.0,15120.0
OI000396,O00124,V052,1649,15.0,24735.0
OI000397,O00125,V067,1575,8.0,12600.0
OI000398,O00125,V077,1620,8.0,12960.0
OI000399,O00125,V028,992,12.0,11904.0
OI000400,O00126,V076,625,8.0,5000.0
OI000401,O00126,V094,572,25.5,14586.0
OI000402,O00126,V083,941,25.0,23525.0
OI000403,O00126,V028,914,12.0,10968.0
OI000404,O00126,V107,1467,18.0,26406.0
OI000405,O00127,V083,838,25.0,20950.0
OI000406,O00127,V089,1140,25.5,29070.0
OI000407,O00127,V045,822,16.0,13152.0
OI000408,O00127,V114,865,18.5,16002.5
OI000409,O00127,V060,1371,16.0,21936.0
OI000410,O00128,V116,571,18.0,10278.0
OI000411,O00128,V054,1162,15.5,18011.0
OI000412,O00128,V043,91,15.0,1365.0
OI000413,O00128,V096,740,25.0,18500.0
OI000414,O00129,V023,1944,12.0,23328.0
OI000415,O00129,V038,1417,12.0,17004.0
OI000416,O00130,V056,748,15.0,11220.0
OI000417,O00130,V100,576,26.0,14976.0
OI000418,O00130,V119,1241,18.5,22958.5
OI000419,O00130,V095,1420,26.0,36920.0
OI000420,O00131,V020,165,6.5,1072.5
OI000421,O00131,V034,972,12.5,12150.0
OI000422,O00132,V004,482,6.0,2892.0
OI000423,O00133,V042,774,15.0,11610.0
OI000424,O00133,V004,1439,6.0,8634.0
OI000425,O00133,V077,1983,8.0,15864.0
OI000426,O00134,V053,1765,15.0,26475.0
OI000427,O00134,V068,541,8.0,4328.0
OI000428,O00134,V063,764,8.0,6112.0
OI000429,O00134,V011,964,5.5,5302.0
OI000430,O00135,V033,1470,12.0,17640.0
OI000431,O00136,V020,1005,6.5,6532.5
OI000432,O00136,V092,967,25.0,24175.0
OI000433,O00137,V074,816,8.5,6936.0
OI000434,O00137,V106,1539,18.0,27702.0
OI000435,O00138,V084,1986,25.5,50643.0
OI000436,O00138,V094,333,25.5,8491.5
OI000437,O00139,V049,1403,15.5,21746.5
OI000438,O00139,V119,1839,18.5,34021.5
OI000439,O00139,V111,1266,18.0,22788.0
OI000440,O00139,V020,1920,6.5,12480.0
OI000441,O00139,V061,1778,8.0,14224.0
OI000442,O00140,V107,914,18.0,16452.0
OI000443,O00141,V015,1578,6.5,10257.0
OI000444,O00141,V001,451,5.5,2480.5
OI000445,O00141,V112,199,18.0,3582.0
OI000446,O00141,V076,1128,8.0,9024.0
OI000447,O00142,V066,1182,8.0,9456.0
OI000448,O00142,V119,943,18.5,17445.5
OI000449,O00143,V033,1406,12.0,16872.0
OI000450,O00143,V119,786,18.5,14541.0
OI000451,O00143,V091,1762,25.0,44050.0
OI000452,O00143,V116,1180,18.0,21240.0
OI000453,O00144,V024,1546,12.5,19325.0
OI000454,O00145,V106,1260,18.0,22680.0
OI000455,O00145,V039,580,12.5,7250.0
OI000456,O00145,V092,1851,25.0,46275.0
OI000457,O00145,V067,1517,8.0,12136.0
OI000458,O00145,V119,1648,18.5,30488.0
OI000459,O00146,V063,133,8.0,1064.0
OI000460,O00146,V041,537,15.0,8055.0
OI000461,O00146,V037,1334,12.0,16008.0
OI000462,O00147,V035,663,13.0,8619.0
OI000463,O00148,V020,1098,6.5,7137.0
OI000464,O00148,V040,590,13.0,7670.0
OI000465,O00148,V087,410,25.0,10250.0
OI000466,O00148,V048,1793,15.0,26895.0
OI000467,O00148,V055,467,16.0,7472.0
OI000468,O00149,V037,969,12.0,11628.0
OI000469,O00150,V042,722,15.0,10830.0
OI000470,O00151,V094,885,25.5,22567.5
OI000471,O00152,V018,602,5.5,3311.0
OI000472,O00153,V052,1982,15.0,29730.0
OI000473,O00153,V081,1797,25.0,44925.0
OI000474,O00153,V019,224,6.0,1344.0
OI000475,O00153,V078,623,8.0,4984.0
OI000476,O00153,V030,1986,13.0,25818.0
OI000477,O00154,V112,1902,18.0,34236.0
OI000478,O00154,V115,1687,19.0,32053.0
OI000479,O00154,V063,985,8.0,7880.0
OI000480,O00154,V068,1516,8.0,12128.0
OI000481,O00155,V059,1230,15.5,19065.0
OI000482,O00156,V074,1618,8.5,13753.0
OI000483,O00156,V061,1672,8.0,13376.0
OI000484,O00156,V105,1775,19.0,33725.0
OI000485,O00156,V062,291,8.0,2328.0
OI000486,O00157,V090,1280,26.0,33280.0
OI000487,O00157,V120,635,19.0,12065.0
OI000488,O00157,V046,196,15.0,2940.0
OI000489,O00157,V027,1625,12.0,19500.0
OI000490,O00158,V061,1469,8.0,11752.0
OI000491,O00158,V035,341,13.0,4433.0
OI000492,O00158,V029,1577,12.5,19712.5
OI000493,O00159,V082,217,25.0,5425.0
OI000494,O00159,V059,785,15.5,12167.5
OI000495,O00159,V023,1691,12.0,20292.0
OI000496,O00159,V083,421,25.0,10525.0
OI000497,O00159,V045,1978,16.0,31648.0
OI000498,O00160,V068,976,8.0,7808.0
OI000499,O00160,V029,1504,12.5,18800.0
OI000500,O00161,V049,1068,15.5,16554.0
OI000501,O00162,V091,1165,25.0,29125.0
OI000502,O00162,V017,1804,5.5,9922.0
OI000503,O00162,V036,423,12.0,5076.0
OI000504,O00163,V044,1782,15.5,27621.0
OI000505,O00164,V060,222,16.0,3552.0
OI000506,O00164,V115,1519,19.0,28861.0
OI000507,O00164,V080,148,9.0,1332.0
OI000508,O00164,V077,1784,8.0,14272.0
OI000509,O00165,V042,977,15.0,14655.0
OI000510,O00165,V020,1775,6.5,11537.5
OI000511,O00165,V119,1379,18.5,25511.5
OI000512,O00165,V107,1556,18.0,28008.0
OI000513,O00166,V003,1785,5.5,9817.5
OI000514,O00166,V083,922,25.0,23050.0
OI000515,O00166,V001,94,5.5,517.0
OI000516,O00167,V093,1072,25.0,26800.0
OI000517,O00167,V120,739,19.0,14041.0
OI000518,O00167,V075,1609,9.0,14481.0
OI000519,O00168,V002,838,5.5,4609.0
OI000520,O00168,V095,945,26.0,24570.0
OI000521,O00168,V032,908,12.0,10896.0
OI000522,O00168,V058,580,15.0,8700.0
OI000523,O00168,V083,1531,25.0,38275.0
OI000524,O00169,V020,642,6.5,4173.0
OI000525,O00169,V048,1688,15.0,25320.0
OI000526,O00169,V049,403,15.5,6246.5
OI000527,O00169,V001,405,5.5,2227.5
OI000528,O00169,V115,1352,19.0,25688.0
OI000529,O00170,V067,1644,8.0,13152.0
OI000530,O00170,V075,1165,9.0,10485.0
OI000531,O00170,V102,1361,18.0,24498.0
OI000532,O00170,V057,1363,15.0,20445.0
OI000533,O00171,V064,797,8.5,6774.5
OI000534,O00172,V037,1028,12.0,12336.0
OI000535,O00172,V030,1452,13.0,18876.0
OI000536,O00172,V116,1585,18.0,28530.0
OI000537,O00172,V028,707,12.0,8484.0
OI000538,O00173,V023,1379,12.0,16548.0
OI000539,O00173,V037,1087,12.0,13044.0
OI000540,O00174,V119,1784,18.5,33004.0
OI000541,O00174,V056,297,15.0,4455.0
OI000542,O00175,V086,616,25.0,15400.0
OI000543,O00175,V007,1273,5.5,7001.5
OI000544,O00175,V075,1154,9.0,10386.0
OI000545,O00175,V041,659,15.0,9885.0
OI000546,O00176,V006,641,5.5,3525.5
OI000547,O00176,V008,532,5.5,2926.0
OI000548,O00176,V102,1948,18.0,35064.0
OI000549,O00177,V035,905,13.0,11765.0
OI000550,O00177,V076,435,8.0,3480.0
OI000551,O00177,V103,909,18.0,16362.0
OI000552,O00178,V055,1279,16.0,20464.0
OI000553,O00178,V058,1468,15.0,22020.0
OI000554,O00178,V016,205,5.5,1127.5
OI000555,O00179,V015,1713,6.5,11134.5
OI000556,O00179,V065,1310,9.0,11790.0
OI000557,O00179,V062,1925,8.0,15400.0
OI000558,O00180,V074,91,8.5,773.5
OI000559,O00181,V022,1107,12.0,13284.0
OI000560,O00182,V095,1958,26.0,50908.0
OI000561,O00182,V096,1467,25.0,36675.0
OI000562,O00183,V119,1567,18.5,28989.5
OI000563,O00183,V003,1074,5.5,5907.0
OI000564,O00183,V067,765,8.0,6120.0
OI000565,O00183,V040,1515,13.0,19695.0
OI000566,O00184,V051,1659,15.0,24885.0
OI000567,O00184,V092,81,25.0,2025.0
OI000568,O00184,V065,865,9.0,7785.0
OI000569,O00185,V040,1566,13.0,20358.0
OI000570,O00185,V005,658,6.5,4277.0
OI000571,O00185,V002,382,5.5,2101.0
OI000572,O00185,V055,746,16.0,11936.0
OI000573,O00185,V102,927,18.0,16686.0
OI000574,O00186,V026,1395,12.0,16740.0
OI000575,O00187,V059,1783,15.5,27636.5
OI000576,O00187,V017,171,5.5,940.5
OI000577,O00187,V102,1415,18.0,25470.0
OI000578,O00187,V069,1626,8.5,13821.0
OI000579,O00188,V039,596,12.5,7450.0
OI000580,O00188,V038,515,12.0,6180.0
OI000581,O00188,V102,1631,18.0,29358.0
OI000582,O00188,V088,715,25.0,17875.0
OI000583,O00188,V036,316,12.0,3792.0
OI000584,O00189,V074,838,8.5,7123.0
OI000585,O00189,V024,1355,12.5,16937.5
OI000586,O00189,V110,271,19.0,5149.0
OI000587,O00189,V105,1717,19.0,32623.0
OI000588,O00189,V054,646,15.5,10013.0
OI000589,O00190,V052,729,15.0,10935.0
OI000590,O00190,V007,193,5.5,1061.5
OI000591,O00190,V087,87,25.0,2175.0
OI000592,O00190,V055,1761,16.0,28176.0
OI000593,O00190,V112,909,18.0,16362.0
OI000594,O00191,V059,583,15.5,9036.5
OI000595,O00191,V045,774,16.0,12384.0
OI000596,O00191,V022,1144,12.0,13728.0
OI000597,O00191,V079,1131,8.5,9613.5
OI000598,O00192,V094,983,25.5,25066.5
OI000599,O00192,V115,601,19.0,11419.0
OI000600,O00193,V092,1557,25.0,38925.0
OI000601,O00193,V081,1998,25.0,49950.0
OI000602,O00193,V102,1201,18.0,21618.0
OI000603,O00194,V043,349,15.0,5235.0
OI000604,O00194,V092,1558,25.0,38950.0
OI000605,O00194,V071,1874,8.0,14992.0
OI000606,O00195,V116,1561,18.0,28098.0
OI000607,O00195,V012,1864,5.5,10252.0
OI000608,O00195,V055,1757,16.0,28112.0
OI000609,O00196,V060,851,16.0,13616.0
OI000610,O00196,V001,425,5.5,2337.5
OI000611,O00196,V075,1931,9.0,17379.0
OI000612,O00196,V029,1538,12.5,19225.0
OI000613,O00197,V084,1228,25.5,31314.0
OI000614,O00197,V078,688,8.0,5504.0
OI000615,O00198,V090,409,26.0,10634.0
OI000616,O00198,V103,507,18.0,9126.0
OI000617,O00199,V009,1885,6.0,11310.0
OI000618,O00199,V027,96,12.0,1152.0
OI000619,O00199,V102,402,18.0,7236.0
OI000620,O00199,V091,1053,25.0,26325.0
OI000621,O00200,V045,1455,16.0,23280.0
OI000622,O00200,V008,1710,5.5,9405.0
OI000623,O00200,V096,355,25.0,8875.0
OI000624,O00200,V085,666,26.0,17316.0
OI000625,O00201,V102,872,18.0,15696.0
OI000626,O00202,V095,1475,26.0,38350.0
OI000627,O00202,V049,849,15.5,13159.5
OI000628,O00202,V088,1091,25.0,27275.0
OI000629,O00202,V066,1814,8.0,14512.0
OI000630,O00203,V031,641,12.0,7692.0
OI000631,O00204,V101,575,18.0,10350.0
OI000632,O00205,V082,1877,25.0,46925.0
OI000633,O00205,V109,1838,18.5,34003.0
OI000634,O00205,V031,685,12.0,8220.0
OI000635,O00205,V008,1194,5.5,6567.0
OI000636,O00206,V086,183,25.0,4575.0
OI000637,O00206,V066,1781,8.0,14248.0
OI000638,O00206,V054,331,15.5,5130.5
OI000639,O00206,V082,680,25.0,17000.0
OI000640,O00207,V029,836,12.5,10450.0
OI000641,O00207,V010,767,6.5,4985.5
OI000642,O00208,V007,1387,5.5,7628.5
OI000643,O00208,V074,1969,8.5,16736.5
OI000644,O00209,V018,294,5.5,1617.0
OI000645,O00209,V042,1544,15.0,23160.0
OI000646,O00209,V043,706,15.0,10590.0
OI000647,O00209,V058,1358,15.0,20370.0
OI000648,O00210,V014,740,6.0,4440.0
OI000649,O00211,V010,677,6.5,4400.5
OI000650,O00211,V042,395,15.0,5925.0
OI000651,O00212,V017,313,5.5,1721.5
OI000652,O00212,V049,753,15.5,11671.5
OI000653,O00213,V060,1641,16.0,26256.0
OI000654,O00214,V114,663,18.5,12265.5
OI000655,O00215,V055,161,16.0,2576.0
OI000656,O00215,V037,1292,12.0,15504.0
OI000657,O00215,V104,282,18.5,5217.0
OI000658,O00215,V013,1139,5.5,6264.5
OI000659,O00215,V052,344,15.0,5160.0
OI000660,O00216,V074,99,8.5,841.5
OI000661,O00217,V038,461,12.0,5532.0
OI000662,O00218,V009,1896,6.0,11376.0
OI000663,O00218,V053,1895,15.0,28425.0
OI000664,O00219,V047,101,15.0,1515.0
OI000665,O00219,V001,1980,5.5,10890.0
OI000666,O00220,V106,498,18.0,8964.0
OI000667,O00220,V101,1113,18.0,20034.0
OI000668,O00221,V080,769,9.0,6921.0
OI000669,O00221,V031,491,12.0,5892.0
OI000670,O00222,V063,1519,8.0,12152.0
OI000671,O00222,V109,1721,18.5,31838.5
OI000672,O00223,V075,812,9.0,7308.0
OI000673,O00224,V025,1565,13.0,20345.0
OI000674,O00224,V050,286,16.0,4576.0
OI000675,O00225,V027,907,12.0,10884.0
OI000676,O00226,V097,1222,25.0,30550.0
OI000677,O00226,V020,1631,6.5,10601.5
OI000678,O00226,V010,526,6.5,3419.0
OI000679,O00226,V062,693,8.0,5544.0
OI000680,O00226,V064,640,8.5,5440.0
OI000681,O00227,V086,601,25.0,15025.0
OI000682,O00228,V036,1786,12.0,21432.0
OI000683,O00228,V026,215,12.0,2580.0
OI000684,O00228,V080,65,9.0,585.0
OI000685,O00228,V017,1925,5.5,10587.5
OI000686,O00228,V059,255,15.5,3952.5
OI000687,O00229,V104,758,18.5,14023.0
OI000688,O00229,V055,1233,16.0,19728.0
OI000689,O00229,V026,1633,12.0,19596.0
OI000690,O00229,V041,1178,15.0,17670.0
OI000691,O00229,V004,1305,6.0,7830.0
OI000692,O00230,V001,1677,5.5,9223.5
OI000693,O00230,V093,233,25.0,5825.0
OI000694,O00230,V111,869,18.0,15642.0
OI000695,O00231,V023,1090,12.0,13080.0
OI000696,O00231,V001,1927,5.5,10598.5
OI000697,O00231,V055,928,16.0,14848.0
OI000698,O00232,V082,181,25.0,4525.0
OI000699,O00232,V095,1446,26.0,37596.0
OI000700,O00232,V003,1150,5.5,6325.0
OI000701,O00233,V051,1320,15.0,19800.0
OI000702,O00233,V077,114,8.0,912.0
OI000703,O00234,V026,1209,12.0,14508.0
OI000704,O00234,V013,1061,5.5,5835.5
OI000705,O00235,V023,1679,12.0,20148.0
OI000706,O00236,V103,1780,18.0,32040.0
OI000707,O00236,V031,350,12.0,4200.0
OI000708,O00236,V009,1579,6.0,9474.0
OI000709,O00237,V081,403,25.0,10075.0
OI000710,O00238,V054,1261,15.5,19545.5
OI000711,O00239,V055,361,16.0,5776.0
OI000712,O00239,V029,1590,12.5,19875.0
OI000713,O00240,V082,981,25.0,24525.0
OI000714,O00240,V013,1246,5.5,6853.0
OI000715,O00240,V061,924,8.0,7392.0
OI000716,O00240,V022,1978,12.0,23736.0
OI000717,O00240,V088,1431,25.0,35775.0
OI000718,O00241,V083,1454,25.0,36350.0
OI000719,O00241,V014,1364,6.0,8184.0
OI000720,O00241,V013,466,5.5,2563.0
OI000721,O00242,V044,613,15.5,9501.5
OI000722,O00242,V032,1480,12.0,17760.0
OI000723,O00242,V095,1149,26.0,29874.0
OI000724,O00243,V035,1437,13.0,18681.0
OI000725,O00243,V063,1164,8.0,9312.0
OI000726,O00243,V103,638,18.0,11484.0
OI000727,O00243,V001,1002,5.5,5511.0
OI000728,O00243,V002,235,5.5,1292.5
OI000729,O00244,V075,669,9.0,6021.0
OI000730,O00244,V068,1717,8.0,13736.0
OI000731,O00244,V097,512,25.0,12800.0
OI000732,O00245,V116,427,18.0,7686.0
OI000733,O00246,V020,1010,6.5,6565.0
OI000734,O00246,V059,301,15.5,4665.5
OI000735,O00247,V040,850,13.0,11050.0
OI000736,O00247,V034,1317,12.5,16462.5
OI000737,O00248,V048,212,15.0,3180.0
OI000738,O00248,V016,1140,5.5,6270.0
OI000739,O00248,V011,432,5.5,2376.0
OI000740,O00248,V061,277,8.0,2216.0
OI000741,O00249,V083,1065,25.0,26625.0
OI000742,O00249,V023,140,12.0,1680.0
OI000743,O00249,V020,744,6.5,4836.0
OI000744,O00250,V038,1381,12.0,16572.0
OI000745,O00250,V014,1541,6.0,9246.0
OI000746,O00250,V045,674,16.0,10784.0
OI000747,O00250,V115,432,19.0,8208.0
OI000748,O00251,V067,1016,8.0,8128.0
OI000749,O00251,V076,1062,8.0,8496.0
OI000750,O00251,V025,683,13.0,8879.0
OI000751,O00251,V007,1092,5.5,6006.0
OI000752,O00252,V003,53,5.5,291.5
OI000753,O00252,V073,1546,8.0,12368.0
OI000754,O00252,V034,1910,12.5,23875.0
OI000755,O00252,V062,415,8.0,3320.0
OI000756,O00252,V101,918,18.0,16524.0
OI000757,O00253,V001,1661,5.5,9135.5
OI000758,O00253,V034,1435,12.5,17937.5
OI000759,O00253,V079,1547,8.5,13149.5
OI000760,O00253,V113,1553,18.0,27954.0
OI000761,O00254,V116,440,18.0,7920.0
OI000762,O00255,V016,163,5.5,896.5
OI000763,O00256,V058,721,15.0,10815.0
OI000764,O00256,V085,1441,26.0,37466.0
OI000765,O00257,V077,1755,8.0,14040.0
OI000766,O00257,V013,362,5.5,1991.0
OI000767,O00257,V120,1949,19.0,37031.0
OI000768,O00257,V109,907,18.5,16779.5
OI000769,O00257,V050,743,16.0,11888.0
OI000770,O00258,V093,1149,25.0,28725.0
OI000771,O00258,V045,268,16.0,4288.0
OI000772,O00258,V004,945,6.0,5670.0
OI000773,O00259,V072,1829,8.0,14632.0
OI000774,O00259,V060,280,16.0,4480.0
OI000775,O00260,V087,508,25.0,12700.0
OI000776,O00260,V057,1574,15.0,23610.0
OI000777,O00260,V002,1962,5.5,10791.0
OI000778,O00260,V026,188,12.0,2256.0
OI000779,O00260,V111,1444,18.0,25992.0
OI000780,O00261,V083,1197,25.0,29925.0
OI000781,O00262,V037,173,12.0,2076.0
OI000782,O00262,V102,810,18.0,14580.0
OI000783,O00263,V092,706,25.0,17650.0
OI000784,O00263,V029,552,12.5,6900.0
OI000785,O00263,V010,1989,6.5,12928.5
OI000786,O00264,V022,360,12.0,4320.0
OI000787,O00264,V094,1303,25.5,33226.5
OI000788,O00265,V069,302,8.5,2567.0
OI000789,O00266,V111,969,18.0,17442.0
OI000790,O00266,V023,389,12.0,4668.0
OI000791,O00266,V041,1270,15.0,19050.0
OI000792,O00266,V069,152,8.5,1292.0
OI000793,O00266,V010,996,6.5,6474.0
OI000794,O00267,V060,1634,16.0,26144.0
OI000795,O00267,V101,226,18.0,4068.0
OI000796,O00268,V105,403,19.0,7657.0
OI000797,O00268,V062,205,8.0,1640.0
OI000798,O00268,V016,1205,5.5,6627.5
OI000799,O00269,V113,1684,18.0,30312.0
OI000800,O00269,V057,308,15.0,4620.0
OI000801,O00269,V071,646,8.0,5168.0
OI000802,O00270,V111,571,18.0,10278.0
OI000803,O00270,V017,1717,5.5,9443.5
OI000804,O00270,V037,1863,12.0,22356.0
OI000805,O00270,V100,1300,26.0,33800.0
OI000806,O00271,V010,1159,6.5,7533.5
OI000807,O00271,V087,1497,25.0,37425.0
OI000808,O00271,V028,1060,12.0,12720.0
OI000809,O00271,V106,417,18.0,7506.0
OI000810,O00271,V090,518,26.0,13468.0
OI000811,O00272,V117,1143,18.0,20574.0
OI000812,O00272,V012,1773,5.5,9751.5
OI000813,O00272,V021,1204,12.0,14448.0
OI000814,O00273,V061,1575,8.0,12600.0
OI000815,O00273,V017,1269,5.5,6979.5
OI000816,O00274,V007,50,5.5,275.0
OI000817,O00274,V026,1465,12.0,17580.0
OI000818,O00274,V093,1307,25.0,32675.0
OI000819,O00274,V094,1790,25.5,45645.0
OI000820,O00274,V020,1440,6.5,9360.0
OI000821,O00275,V019,1454,6.0,8724.0
OI000822,O00275,V114,1872,18.5,34632.0
OI000823,O00275,V102,502,18.0,9036.0
OI000824,O00276,V048,127,15.0,1905.0
OI000825,O00276,V001,645,5.5,3547.5
OI000826,O00276,V055,1414,16.0,22624.0
OI000827,O00276,V117,1845,18.0,33210.0
OI000828,O00277,V094,1619,25.5,41284.5
OI000829,O00277,V064,554,8.5,4709.0
OI000830,O00277,V009,165,6.0,990.0
OI000831,O00277,V015,195,6.5,1267.5
OI000832,O00277,V027,1106,12.0,13272.0
OI000833,O00278,V099,58,25.5,1479.0
OI000834,O00278,V047,639,15.0,9585.0
OI000835,O00278,V103,949,18.0,17082.0
OI000836,O00278,V020,1250,6.5,8125.0
OI000837,O00278,V080,1466,9.0,13194.0
OI000838,O00279,V040,1746,13.0,22698.0
OI000839,O00280,V043,1976,15.0,29640.0
OI000840,O00280,V001,823,5.5,4526.5
OI000841,O00280,V082,552,25.0,13800.0
OI000842,O00280,V090,1051,26.0,27326.0
OI000843,O00281,V032,1146,12.0,13752.0
OI000844,O00281,V070,310,9.0,2790.0
OI000845,O00282,V031,1782,12.0,21384.0
OI000846,O00282,V115,196,19.0,3724.0
OI000847,O00282,V103,294,18.0,5292.0
OI000848,O00282,V107,280,18.0,5040.0
OI000849,O00282,V006,1098,5.5,6039.0
OI000850,O00283,V066,899,8.0,7192.0
OI000851,O00283,V105,685,19.0,13015.0
OI000852,O00283,V074,699,8.5,5941.5
OI000853,O00283,V081,678,25.0,16950.0
OI000854,O00283,V052,605,15.0,9075.0
OI000855,O00284,V037,776,12.0,9312.0
OI000856,O00284,V082,1747,25.0,43675.0
OI000857,O00284,V072,1194,8.0,9552.0
OI000858,O00285,V072,125,8.0,1000.0
OI000859,O00286,V042,1520,15.0,22800.0
OI000860,O00286,V016,460,5.5,2530.0
OI000861,O00286,V077,454,8.0,3632.0
OI000862,O00286,V020,1851,6.5,12031.5
OI000863,O00287,V048,852,15.0,12780.0
OI000864,O00287,V105,1574,19.0,29906.0
OI000865,O00288,V117,1437,18.0,25866.0
OI000866,O00289,V060,1448,16.0,23168.0
OI000867,O00289,V034,1887,12.5,23587.5
OI000868,O00289,V021,1653,12.0,19836.0
OI000869,O00290,V025,1938,13.0,25194.0
OI000870,O00291,V118,1909,18.0,34362.0
OI000871,O00291,V073,599,8.0,4792.0
OI000872,O00291,V090,1500,26.0,39000.0
OI000873,O00292,V109,1807,18.5,33429.5
OI000874,O00292,V098,1767,25.0,44175.0
OI000875,O00292,V062,1372,8.0,10976.0
OI000876,O00293,V038,84,12.0,1008.0
OI000877,O00294,V077,1667,8.0,13336.0
OI000878,O00294,V027,696,12.0,8352.0
OI000879,O00294,V001,1143,5.5,6286.5
OI000880,O00295,V069,1416,8.5,12036.0
OI000881,O00295,V076,1457,8.0,11656.0
OI000882,O00295,V107,1614,18.0,29052.0
OI000883,O00295,V050,1844,16.0,29504.0
OI000884,O00295,V097,538,25.0,13450.0
OI000885,O00296,V085,1305,26.0,33930.0
OI000886,O00296,V046,400,15.0,6000.0
OI000887,O00297,V079,1801,8.5,15308.5
OI000888,O00297,V029,776,12.5,9700.0
OI000889,O00297,V006,1700,5.5,9350.0
OI000890,O00297,V081,970,25.0,24250.0
OI000891,O00297,V052,369,15.0,5535.0
OI000892,O00298,V017,1034,5.5,5687.0
OI000893,O00298,V042,1359,15.0,20385.0
OI000894,O00298,V118,1366,18.0,24588.0
OI000895,O00298,V075,832,9.0,7488.0
OI000896,O00299,V044,1418,15.5,21979.0
OI000897,O00299,V074,1889,8.5,16056.5
OI000898,O00300,V032,1762,12.0,21144.0
OI000899,O00300,V081,1199,25.0,29975.0
OI000900,O00301,V112,1184,18.0,21312.0
OI000901,O00301,V027,1911,12.0,22932.0
OI000902,O00301,V077,1301,8.0,10408.0
OI000903,O00302,V118,1634,18.0,29412.0
OI000904,O00302,V061,1115,8.0,8920.0
OI000905,O00302,V008,1616,5.5,8888.0
OI000906,O00302,V025,729,13.0,9477.0
OI000907,O00302,V065,1284,9.0,11556.0
OI000908,O00303,V117,1080,18.0,19440.0
OI000909,O00303,V053,1398,15.0,20970.0
OI000910,O00303,V016,799,5.5,4394.5
OI000911,O00303,V103,1154,18.0,20772.0
OI000912,O00304,V067,1745,8.0,13960.0
OI000913,O00304,V106,1505,18.0,27090.0
OI000914,O00304,V081,1785,25.0,44625.0
OI000915,O00305,V085,88,26.0,2288.0
OI000916,O00305,V023,685,12.0,8220.0
OI000917,O00305,V073,1613,8.0,12904.0
OI000918,O00305,V048,1781,15.0,26715.0
OI000919,O00305,V018,613,5.5,3371.5
OI000920,O00306,V040,1644,13.0,21372.0
OI000921,O00306,V018,279,5.5,1534.5
OI000922,O00306,V019,452,6.0,2712.0
OI000923,O00306,V087,976,25.0,24400.0
OI000924,O00307,V117,1655,18.0,29790.0
OI000925,O00307,V079,212,8.5,1802.0
OI000926,O00307,V085,1189,26.0,30914.0
OI000927,O00308,V068,914,8.0,7312.0
OI000928,O00308,V009,1122,6.0,6732.0
OI000929,O00308,V082,179,25.0,4475.0
OI000930,O00309,V025,321,13.0,4173.0
OI000931,O00309,V029,109,12.5,1362.5
OI000932,O00310,V100,88,26.0,2288.0
OI000933,O00310,V011,1436,5.5,7898.0
OI000934,O00311,V079,272,8.5,2312.0
OI000935,O00311,V034,1116,12.5,13950.0
OI000936,O00311,V020,1396,6.5,9074.0
OI000937,O00311,V085,1832,26.0,47632.0
OI000938,O00312,V073,1371,8.0,10968.0
OI000939,O00312,V075,1695,9.0,15255.0
OI000940,O00313,V081,1207,25.0,30175.0
OI000941,O00313,V078,1841,8.0,14728.0
OI000942,O00314,V043,1697,15.0,25455.0
OI000943,O00314,V107,941,18.0,16938.0
OI000944,O00315,V037,1739,12.0,20868.0
OI000945,O00315,V068,257,8.0,2056.0
OI000946,O00315,V007,1814,5.5,9977.0
OI000947,O00316,V030,1791,13.0,23283.0
OI000948,O00317,V115,159,19.0,3021.0
OI000949,O00318,V066,1634,8.0,13072.0
OI000950,O00318,V047,609,15.0,9135.0
OI000951,O00318,V036,1745,12.0,20940.0
OI000952,O00319,V105,1950,19.0,37050.0
OI000953,O00319,V067,914,8.0,7312.0
OI000954,O00320,V108,544,18.0,9792.0
OI000955,O00320,V073,1993,8.0,15944.0
OI000956,O00321,V055,511,16.0,8176.0
OI000957,O00321,V090,1789,26.0,46514.0
OI000958,O00322,V009,968,6.0,5808.0
OI000959,O00322,V048,614,15.0,9210.0
OI000960,O00323,V069,470,8.5,3995.0
OI000961,O00323,V108,1670,18.0,30060.0
OI000962,O00323,V002,1587,5.5,8728.5
OI000963,O00324,V009,1063,6.0,6378.0
OI000964,O00324,V079,1318,8.5,11203.0
OI000965,O00324,V002,1992,5.5,10956.0
OI000966,O00324,V036,1513,12.0,18156.0
OI000967,O00324,V041,1475,15.0,22125.0
OI000968,O00325,V104,51,18.5,943.5
OI000969,O00325,V110,783,19.0,14877.0
OI000970,O00325,V035,1027,13.0,13351.0
OI000971,O00325,V090,1189,26.0,30914.0
OI000972,O00326,V074,1879,8.5,15971.5
OI000973,O00326,V058,1453,15.0,21795.0
OI000974,O00327,V085,675,26.0,17550.0
OI000975,O00327,V100,487,26.0,12662.0
OI000976,O00327,V091,604,25.0,15100.0
OI000977,O00328,V096,600,25.0,15000.0
OI000978,O00328,V031,325,12.0,3900.0
OI000979,O00328,V112,361,18.0,6498.0
OI000980,O00329,V059,708,15.5,10974.0
OI000981,O00330,V048,433,15.0,6495.0
OI000982,O00330,V074,1437,8.5,12214.5
OI000983,O00330,V069,1359,8.5,11551.5
OI000984,O00331,V085,454,26.0,11804.0
OI000985,O00331,V067,392,8.0,3136.0
OI000986,O00331,V014,1789,6.0,10734.0
OI000987,O00332,V106,878,18.0,15804.0
OI000988,O00332,V032,276,12.0,3312.0
OI000989,O00332,V118,439,18.0,7902.0
OI000990,O00332,V060,761,16.0,12176.0
OI000991,O00333,V104,440,18.5,8140.0
OI000992,O00333,V076,1039,8.0,8312.0
OI000993,O00334,V113,1401,18.0,25218.0
OI000994,O00334,V100,1759,26.0,45734.0
OI000995,O00334,V068,1370,8.0,10960.0
OI000996,O00335,V063,1376,8.0,11008.0
OI000997,O00335,V078,1014,8.0,8112.0
OI000998,O00336,V031,1490,12.0,17880.0
OI000999,O00336,V091,1944,25.0,48600.0
OI001000,O00336,V104,1151,18.5,21293.5
OI001001,O00336,V059,1227,15.5,19018.5
OI001002,O00336,V069,1612,8.5,13702.0
OI001003,O00337,V111,1383,18.0,24894.0
OI001004,O00338,V061,590,8.0,4720.0
OI001005,O00338,V100,603,26.0,15678.0
OI001006,O00339,V080,1852,9.0,16668.0
OI001007,O00339,V029,1289,12.5,16112.5
OI001008,O00340,V027,304,12.0,3648.0
OI001009,O00340,V004,1919,6.0,11514.0
OI001010,O00340,V115,193,19.0,3667.0
OI001011,O00340,V071,1617,8.0,12936.0
OI001012,O00340,V082,913,25.0,22825.0
OI001013,O00341,V009,1197,6.0,7182.0
OI001014,O00341,V015,1399,6.5,9093.5
OI001015,O00341,V027,794,12.0,9528.0
OI001016,O00341,V111,782,18.0,14076.0
OI001017,O00341,V014,1804,6.0,10824.0
OI001018,O00342,V108,723,18.0,13014.0
OI001019,O00342,V110,1803,19.0,34257.0
OI001020,O00342,V083,52,25.0,1300.0
OI001021,O00342,V014,1640,6.0,9840.0
OI001022,O00343,V003,251,5.5,1380.5
OI001023,O00343,V116,563,18.0,10134.0
OI001024,O00343,V101,1250,18.0,22500.0
OI001025,O00343,V097,156,25.0,3900.0
OI001026,O00344,V085,1463,26.0,38038.0
OI001027,O00344,V050,958,16.0,15328.0
OI001028,O00344,V104,1914,18.5,35409.0
OI001029,O00344,V053,393,15.0,5895.0
OI001030,O00344,V103,1570,18.0,28260.0
OI001031,O00345,V030,384,13.0,4992.0
OI001032,O00345,V088,1981,25.0,49525.0
OI001033,O00345,V111,1270,18.0,22860.0
OI001034,O00346,V099,1580,25.5,40290.0
OI001035,O00347,V004,369,6.0,2214.0
OI001036,O00347,V010,1065,6.5,6922.5
OI001037,O00347,V064,177,8.5,1504.5
OI001038,O00348,V008,368,5.5,2024.0
OI001039,O00349,V018,70,5.5,385.0
OI001040,O00349,V063,1644,8.0,13152.0
OI001041,O00349,V069,340,8.5,2890.0
OI001042,O00349,V076,1679,8.0,13432.0
OI001043,O00350,V093,1175,25.0,29375.0
OI001044,O00350,V100,1069,26.0,27794.0
OI001045,O00350,V010,683,6.5,4439.5
OI001046,O00350,V113,1047,18.0,18846.0
OI001047,O00350,V102,625,18.0,11250.0
OI001048,O00351,V068,1827,8.0,14616.0
OI001049,O00352,V011,1653,5.5,9091.5
OI001050,O00352,V010,712,6.5,4628.0
OI001051,O00352,V024,1632,12.5,20400.0
OI001052,O00352,V025,1360,13.0,17680.0
OI001053,O00352,V042,1843,15.0,27645.0
OI001054,O00353,V096,1833,25.0,45825.0
OI001055,O00353,V062,436,8.0,3488.0
OI001056,O00353,V107,285,18.0,5130.0
OI001057,O00354,V078,94,8.0,752.0
OI001058,O00354,V106,1909,18.0,34362.0
OI001059,O00354,V062,83,8.0,664.0
OI001060,O00354,V045,1684,16.0,26944.0
OI001061,O00354,V104,1430,18.5,26455.0
OI001062,O00355,V003,1889,5.5,10389.5
OI001063,O00356,V069,921,8.5,7828.5
OI001064,O00356,V068,1346,8.0,10768.0
OI001065,O00356,V015,265,6.5,1722.5
OI001066,O00356,V059,108,15.5,1674.0
OI001067,O00356,V049,394,15.5,6107.0
OI001068,O00357,V114,711,18.5,13153.5
OI001069,O00358,V010,918,6.5,5967.0
OI001070,O00358,V068,102,8.0,816.0
OI001071,O00358,V096,1988,25.0,49700.0
OI001072,O00358,V099,1752,25.5,44676.0
OI001073,O00358,V008,829,5.5,4559.5
OI001074,O00359,V002,1754,5.5,9647.0
OI001075,O00360,V007,1665,5.5,9157.5
OI001076,O00360,V041,346,15.0,5190.0
OI001077,O00360,V057,1153,15.0,17295.0
OI001078,O00360,V026,840,12.0,10080.0
OI001079,O00360,V027,345,12.0,4140.0
OI001080,O00361,V116,1641,18.0,29538.0
OI001081,O00361,V082,1830,25.0,45750.0
OI001082,O00361,V005,1654,6.5,10751.0
OI001083,O00362,V095,685,26.0,17810.0
OI001084,O00363,V069,1378,8.5,11713.0
OI001085,O00363,V062,1911,8.0,15288.0
OI001086,O00363,V024,1246,12.5,15575.0
OI001087,O00363,V012,1474,5.5,8107.0
OI001088,O00364,V045,1375,16.0,22000.0
OI001089,O00364,V102,1458,18.0,26244.0
OI001090,O00364,V024,1669,12.5,20862.5
OI001091,O00364,V118,297,18.0,5346.0
OI001092,O00365,V063,509,8.0,4072.0
OI001093,O00365,V107,814,18.0,14652.0
OI001094,O00365,V113,780,18.0,14040.0
OI001095,O00366,V109,1722,18.5,31857.0
OI001096,O00366,V098,1536,25.0,38400.0
OI001097,O00366,V012,795,5.5,4372.5
OI001098,O00367,V072,228,8.0,1824.0
OI001099,O00367,V030,1118,13.0,14534.0
OI001100,O00367,V105,669,19.0,12711.0
OI001101,O00368,V002,783,5.5,4306.5
OI001102,O00368,V107,1134,18.0,20412.0
OI001103,O00368,V006,270,5.5,1485.0
OI001104,O00369,V092,1814,25.0,45350.0
OI001105,O00369,V039,1610,12.5,20125.0
OI001106,O00369,V037,264,12.0,3168.0
OI001107,O00370,V022,622,12.0,7464.0
OI001108,O00370,V021,1963,12.0,23556.0
OI001109,O00371,V032,1458,12.0,17496.0
OI001110,O00371,V100,520,26.0,13520.0
OI001111,O00371,V114,877,18.5,16224.5
OI001112,O00371,V072,1301,8.0,10408.0
OI001113,O00372,V117,1552,18.0,27936.0
OI001114,O00372,V101,643,18.0,11574.0
OI001115,O00373,V015,1730,6.5,11245.0
OI001116,O00373,V060,1352,16.0,21632.0
OI001117,O00373,V029,178,12.5,2225.0
OI001118,O00373,V118,1538,18.0,27684.0
OI001119,O00374,V011,1749,5.5,9619.5
OI001120,O00374,V090,1824,26.0,47424.0
OI001121,O00375,V026,1877,12.0,22524.0
OI001122,O00375,V091,1596,25.0,39900.0
OI001123,O00375,V103,1173,18.0,21114.0
OI001124,O00375,V022,826,12.0,9912.0
OI001125,O00376,V053,126,15.0,1890.0
OI001126,O00376,V003,1407,5.5,7738.5
OI001127,O00376,V055,669,16.0,10704.0
OI001128,O00376,V016,336,5.5,1848.0
OI001129,O00377,V007,95,5.5,522.5
OI001130,O00377,V024,1152,12.5,14400.0
OI001131,O00377,V115,596,19.0,11324.0
OI001132,O00377,V079,638,8.5,5423.0
OI001133,O00377,V109,1401,18.5,25918.5
OI001134,O00378,V026,458,12.0,5496.0
OI001135,O00379,V010,132,6.5,858.0
OI001136,O00379,V002,1795,5.5,9872.5
OI001137,O00379,V104,346,18.5,6401.0
OI001138,O00379,V042,1474,15.0,22110.0
OI001139,O00380,V115,551,19.0,10469.0
OI001140,O00380,V099,1663,25.5,42406.5
OI001141,O00380,V016,1787,5.5,9828.5
OI001142,O00380,V084,1488,25.5,37944.0
OI001143,O00380,V108,275,18.0,4950.0
OI001144,O00381,V108,260,18.0,4680.0
OI001145,O00381,V037,858,12.0,10296.0
OI001146,O00381,V038,1575,12.0,18900.0
OI001147,O00382,V099,1924,25.5,49062.0
OI001148,O00382,V103,1345,18.0,24210.0
OI001149,O00383,V069,1746,8.5,14841.0
OI001150,O00383,V003,296,5.5,1628.0
OI001151,O00383,V049,1378,15.5,21359.0
OI001152,O00383,V085,1585,26.0,41210.0
OI001153,O00384,V012,691,5.5,3800.5
OI001154,O00384,V040,422,13.0,5486.0
OI001155,O00384,V096,803,25.0,20075.0
OI001156,O00384,V100,996,26.0,25896.0
OI001157,O00384,V032,339,12.0,4068.0
OI001158,O00385,V002,750,5.5,4125.0
OI001159,O00385,V071,459,8.0,3672.0
OI001160,O00386,V027,127,12.0,1524.0
OI001161,O00387,V024,117,12.5,1462.5
OI001162,O00387,V090,1732,26.0,45032.0
OI001163,O00387,V106,1890,18.0,34020.0
OI001164,O00387,V083,1903,25.0,47575.0
OI001165,O00388,V110,680,19.0,12920.0
OI001166,O00388,V047,224,15.0,3360.0
OI001167,O00388,V069,1335,8.5,11347.5
OI001168,O00389,V035,1824,13.0,23712.0
OI001169,O00389,V103,1491,18.0,26838.0
OI001170,O00389,V011,1798,5.5,9889.0
OI001171,O00390,V111,884,18.0,15912.0
OI001172,O00390,V013,1273,5.5,7001.5
OI001173,O00390,V014,1303,6.0,7818.0
OI001174,O00390,V112,546,18.0,9828.0
OI001175,O00391,V103,1668,18.0,30024.0
OI001176,O00392,V034,298,12.5,3725.0
OI001177,O00392,V085,1069,26.0,27794.0
OI001178,O00393,V118,749,18.0,13482.0
OI001179,O00393,V097,930,25.0,23250.0
OI001180,O00394,V050,435,16.0,6960.0
OI001181,O00395,V108,606,18.0,10908.0
OI001182,O00395,V058,138,15.0,2070.0
OI001183,O00395,V085,1388,26.0,36088.0
OI001184,O00396,V004,486,6.0,2916.0
OI001185,O00396,V054,1135,15.5,17592.5
OI001186,O00396,V076,309,8.0,2472.0
OI001187,O00396,V094,1720,25.5,43860.0
OI001188,O00397,V100,674,26.0,17524.0
OI001189,O00397,V082,1303,25.0,32575.0
OI001190,O00397,V086,118,25.0,2950.0
OI001191,O00398,V053,960,15.0,14400.0
OI001192,O00398,V120,1124,19.0,21356.0
OI001193,O00398,V075,446,9.0,4014.0
OI001194,O00398,V006,944,5.5,5192.0
OI001195,O00398,V063,1425,8.0,11400.0
OI001196,O00399,V072,1503,8.0,12024.0
OI001197,O00399,V046,1088,15.0,16320.0
OI001198,O00400,V075,1715,9.0,15435.0
OI001199,O00401,V057,91,15.0,1365.0
OI001200,O00401,V074,558,8.5,4743.0
OI001201,O00401,V101,1417,18.0,25506.0
OI001202,O00401,V098,1422,25.0,35550.0
OI001203,O00401,V047,1628,15.0,24420.0
OI001204,O00402,V048,795,15.0,11925.0
OI001205,O00402,V112,196,18.0,3528.0
OI001206,O00402,V059,225,15.5,3487.5
OI001207,O00402,V052,740,15.0,11100.0
OI001208,O00402,V058,1190,15.0,17850.0
OI001209,O00403,V002,1874,5.5,10307.0
OI001210,O00403,V058,1661,15.0,24915.0
OI001211,O00403,V088,806,25.0,20150.0
OI001212,O00403,V047,1497,15.0,22455.0
OI001213,O00403,V090,967,26.0,25142.0
OI001214,O00404,V007,96,5.5,528.0
OI001215,O00404,V012,352,5.5,1936.0
OI001216,O00404,V094,992,25.5,25296.0
OI001217,O00404,V039,1146,12.5,14325.0
OI001218,O00405,V115,55,19.0,1045.0
OI001219,O00406,V073,988,8.0,7904.0
OI001220,O00406,V097,588,25.0,14700.0
OI001221,O00406,V019,172,6.0,1032.0
OI001222,O00406,V053,803,15.0,12045.0
OI001223,O00406,V081,1462,25.0,36550.0
OI001224,O00407,V023,1794,12.0,21528.0
OI001225,O00407,V019,1217,6.0,7302.0
OI001226,O00407,V097,1971,25.0,49275.0
OI001227,O00407,V065,1737,9.0,15633.0
OI001228,O00407,V101,1563,18.0,28134.0
OI001229,O00408,V037,1212,12.0,14544.0
OI001230,O00408,V016,1478,5.5,8129.0
OI001231,O00408,V017,920,5.5,5060.0
OI001232,O00408,V044,1343,15.5,20816.5
OI001233,O00408,V063,1569,8.0,12552.0
OI001234,O00409,V087,577,25.0,14425.0
OI001235,O00409,V033,1377,12.0,16524.0
OI001236,O00409,V036,1292,12.0,15504.0
OI001237,O00409,V032,687,12.0,8244.0
OI001238,O00409,V051,523,15.0,7845.0
OI001239,O00410,V031,1605,12.0,19260.0
OI001240,O00410,V109,1464,18.5,27084.0
OI001241,O00410,V020,290,6.5,1885.0
OI001242,O00410,V063,1169,8.0,9352.0
OI001243,O00410,V104,1860,18.5,34410.0
OI001244,O00411,V062,513,8.0,4104.0
OI001245,O00412,V025,540,13.0,7020.0
OI001246,O00412,V027,824,12.0,9888.0
OI001247,O00412,V061,945,8.0,7560.0
OI001248,O00412,V008,459,5.5,2524.5
OI001249,O00412,V018,655,5.5,3602.5
OI001250,O00413,V077,1203,8.0,9624.0
OI001251,O00414,V119,1001,18.5,18518.5
OI001252,O00415,V014,859,6.0,5154.0
OI001253,O00415,V015,1493,6.5,9704.5
OI001254,O00415,V107,433,18.0,7794.0
OI001255,O00416,V088,620,25.0,15500.0
OI001256,O00417,V026,983,12.0,11796.0
OI001257,O00417,V102,71,18.0,1278.0
OI001258,O00417,V028,61,12.0,732.0
OI001259,O00417,V077,1793,8.0,14344.0
OI001260,O00417,V030,697,13.0,9061.0
OI001261,O00418,V024,351,12.5,4387.5
OI001262,O00418,V045,926,16.0,14816.0
OI001263,O00418,V037,1572,12.0,18864.0
OI001264,O00418,V109,439,18.5,8121.5
OI001265,O00418,V113,804,18.0,14472.0
OI001266,O00419,V119,170,18.5,3145.0
OI001267,O00419,V106,1802,18.0,32436.0
OI001268,O00419,V031,78,12.0,936.0
OI001269,O00420,V103,1327,18.0,23886.0
OI001270,O00420,V064,447,8.5,3799.5
OI001271,O00420,V092,1678,25.0,41950.0
OI001272,O00420,V089,770,25.5,19635.0
OI001273,O00420,V069,1384,8.5,11764.0
OI001274,O00421,V034,1029,12.5,12862.5
OI001275,O00421,V011,962,5.5,5291.0
OI001276,O00421,V095,533,26.0,13858.0
OI001277,O00422,V062,896,8.0,7168.0
OI001278,O00422,V027,375,12.0,4500.0
OI001279,O00422,V023,567,12.0,6804.0
OI001280,O00422,V014,357,6.0,2142.0
OI001281,O00422,V058,1827,15.0,27405.0
OI001282,O00423,V088,991,25.0,24775.0
OI001283,O00423,V056,1454,15.0,21810.0
OI001284,O00423,V055,904,16.0,14464.0
OI001285,O00424,V093,303,25.0,7575.0
OI001286,O00424,V055,786,16.0,12576.0
OI001287,O00424,V064,132,8.5,1122.0
OI001288,O00424,V033,1548,12.0,18576.0
OI001289,O00424,V063,90,8.0,720.0
OI001290,O00425,V081,667,25.0,16675.0
OI001291,O00425,V116,1410,18.0,25380.0
OI001292,O00425,V120,1666,19.0,31654.0
OI001293,O00426,V064,1581,8.5,13438.5
OI001294,O00427,V015,1972,6.5,12818.0
OI001295,O00427,V045,1575,16.0,25200.0
OI001296,O00427,V068,144,8.0,1152.0
OI001297,O00427,V105,1971,19.0,37449.0
OI001298,O00427,V065,1744,9.0,15696.0
OI001299,O00428,V067,671,8.0,5368.0
OI001300,O00428,V079,787,8.5,6689.5
OI001301,O00429,V048,1706,15.0,25590.0
OI001302,O00429,V004,859,6.0,5154.0
OI001303,O00429,V070,377,9.0,3393.0
OI001304,O00430,V096,499,25.0,12475.0
OI001305,O00430,V003,1120,5.5,6160.0
OI001306,O00430,V117,424,18.0,7632.0
OI001307,O00431,V089,878,25.5,22389.0
OI001308,O00431,V024,748,12.5,9350.0
OI001309,O00432,V078,1676,8.0,13408.0
OI001310,O00432,V029,878,12.5,10975.0
OI001311,O00432,V105,644,19.0,12236.0
OI001312,O00433,V096,977,25.0,24425.0
OI001313,O00433,V099,863,25.5,22006.5
OI001314,O00433,V034,191,12.5,2387.5
OI001315,O00434,V110,1737,19.0,33003.0
OI001316,O00434,V074,675,8.5,5737.5
OI001317,O00434,V069,151,8.5,1283.5
OI001318,O00434,V004,848,6.0,5088.0
OI001319,O00434,V056,460,15.0,6900.0
OI001320,O00435,V035,764,13.0,9932.0
OI001321,O00435,V102,379,18.0,6822.0
OI001322,O00435,V072,1465,8.0,11720.0
OI001323,O00435,V002,1108,5.5,6094.0
OI001324,O00436,V015,1913,6.5,12434.5
OI001325,O00436,V076,843,8.0,6744.0
OI001326,O00436,V055,1047,16.0,16752.0
OI001327,O00436,V093,578,25.0,14450.0
OI001328,O00437,V005,1929,6.5,12538.5
OI001329,O00437,V090,1044,26.0,27144.0
OI001330,O00437,V066,577,8.0,4616.0
OI001331,O00438,V095,578,26.0,15028.0
OI001332,O00439,V017,1481,5.5,8145.5
OI001333,O00440,V054,122,15.5,1891.0
OI001334,O00440,V002,690,5.5,3795.0
OI001335,O00440,V037,1732,12.0,20784.0
OI001336,O00440,V114,838,18.5,15503.0
OI001337,O00441,V038,692,12.0,8304.0
OI001338,O00441,V092,205,25.0,5125.0
OI001339,O00441,V120,1828,19.0,34732.0
OI001340,O00441,V119,887,18.5,16409.5
OI001341,O00441,V110,1827,19.0,34713.0
OI001342,O00442,V003,627,5.5,3448.5
OI001343,O00442,V078,1846,8.0,14768.0
OI001344,O00442,V063,895,8.0,7160.0
OI001345,O00442,V069,1050,8.5,8925.0
OI001346,O00442,V108,209,18.0,3762.0
OI001347,O00443,V068,1143,8.0,9144.0
OI001348,O00443,V050,999,16.0,15984.0
OI001349,O00443,V033,129,12.0,1548.0
OI001350,O00443,V083,707,25.0,17675.0
OI001351,O00443,V005,60,6.5,390.0
OI001352,O00444,V037,906,12.0,10872.0
OI001353,O00444,V108,716,18.0,12888.0
OI001354,O00444,V006,1723,5.5,9476.5
OI001355,O00445,V083,1418,25.0,35450.0
OI001356,O00446,V020,1921,6.5,12486.5
OI001357,O00446,V018,1456,5.5,8008.0
OI001358,O00446,V026,135,12.0,1620.0
OI001359,O00446,V107,1439,18.0,25902.0
OI001360,O00446,V082,1929,25.0,48225.0
OI001361,O00447,V068,1554,8.0,12432.0
OI001362,O00447,V026,587,12.0,7044.0
OI001363,O00447,V010,1229,6.5,7988.5
OI001364,O00448,V052,1286,15.0,19290.0
OI001365,O00448,V040,211,13.0,2743.0
OI001366,O00448,V095,1323,26.0,34398.0
OI001367,O00448,V094,1370,25.5,34935.0
OI001368,O00449,V042,1431,15.0,21465.0
OI001369,O00449,V037,793,12.0,9516.0
OI001370,O00449,V041,865,15.0,12975.0
OI001371,O00449,V033,1322,12.0,15864.0
OI001372,O00449,V052,432,15.0,6480.0
OI001373,O00450,V086,565,25.0,14125.0
OI001374,O00450,V054,353,15.5,5471.5
OI001375,O00450,V017,749,5.5,4119.5
OI001376,O00450,V118,1056,18.0,19008.0
OI001377,O00450,V009,502,6.0,3012.0
OI001378,O00451,V066,1965,8.0,15720.0
OI001379,O00451,V051,1207,15.0,18105.0
OI001380,O00451,V015,998,6.5,6487.0
OI001381,O00452,V019,619,6.0,3714.0
OI001382,O00452,V098,1462,25.0,36550.0
OI001383,O00452,V033,997,12.0,11964.0
OI001384,O00452,V088,1922,25.0,48050.0
OI001385,O00452,V081,1259,25.0,31475.0
OI001386,O00453,V067,1876,8.0,15008.0
OI001387,O00453,V043,1461,15.0,21915.0
OI001388,O00453,V088,1427,25.0,35675.0
OI001389,O00453,V044,1990,15.5,30845.0
OI001390,O00453,V083,953,25.0,23825.0
OI001391,O00454,V106,1941,18.0,34938.0
OI001392,O00454,V088,245,25.0,6125.0
OI001393,O00454,V113,140,18.0,2520.0
OI001394,O00455,V005,1463,6.5,9509.5
OI001395,O00455,V029,309,12.5,3862.5
OI001396,O00455,V013,1863,5.5,10246.5
OI001397,O00456,V065,1426,9.0,12834.0
OI001398,O00456,V100,481,26.0,12506.0
OI001399,O00456,V038,891,12.0,10692.0
OI001400,O00456,V005,1881,6.5,12226.5
OI001401,O00456,V098,90,25.0,2250.0
OI001402,O00457,V044,1032,15.5,15996.0
OI001403,O00458,V084,1891,25.5,48220.5
OI001404,O00459,V018,573,5.5,3151.5
OI001405,O00459,V037,1494,12.0,17928.0
OI001406,O00459,V103,317,18.0,5706.0
OI001407,O00459,V012,302,5.5,1661.0
OI001408,O00460,V091,303,25.0,7575.0
OI001409,O00461,V081,250,25.0,6250.0
OI001410,O00461,V085,1246,26.0,32396.0
OI001411,O00461,V068,1108,8.0,8864.0
OI001412,O00461,V115,1594,19.0,30286.0
OI001413,O00462,V100,693,26.0,18018.0
OI001414,O00462,V043,1277,15.0,19155.0
OI001415,O00462,V045,1914,16.0,30624.0
OI001416,O00463,V049,1100,15.5,17050.0
OI001417,O00464,V106,1987,18.0,35766.0
OI001418,O00464,V035,80,13.0,1040.0
OI001419,O00464,V045,1612,16.0,25792.0
OI001420,O00465,V083,1463,25.0,36575.0
OI001421,O00465,V085,684,26.0,17784.0
OI001422,O00465,V084,1467,25.5,37408.5
OI001423,O00466,V054,1148,15.5,17794.0
OI001424,O00466,V011,1906,5.5,10483.0
OI001425,O00466,V081,501,25.0,12525.0
OI001426,O00466,V047,532,15.0,7980.0
OI001427,O00467,V047,581,15.0,8715.0
OI001428,O00467,V044,221,15.5,3425.5
OI001429,O00467,V008,1709,5.5,9399.5
OI001430,O00467,V004,1811,6.0,10866.0
OI001431,O00467,V109,68,18.5,1258.0
OI001432,O00468,V090,1940,26.0,50440.0
OI001433,O00468,V046,1134,15.0,17010.0
OI001434,O00468,V095,1864,26.0,48464.0
OI001435,O00468,V072,1895,8.0,15160.0
OI001436,O00469,V005,311,6.5,2021.5
OI001437,O00469,V042,1223,15.0,18345.0
OI001438,O00469,V083,663,25.0,16575.0
OI001439,O00469,V087,1021,25.0,25525.0
OI001440,O00469,V098,1047,25.0,26175.0
OI001441,O00470,V038,1640,12.0,19680.0
OI001442,O00471,V104,234,18.5,4329.0
OI001443,O00471,V023,1745,12.0,20940.0
OI001444,O00471,V113,116,18.0,2088.0
OI001445,O00471,V024,1859,12.5,23237.5
OI001446,O00472,V022,1201,12.0,14412.0
OI001447,O00472,V062,1445,8.0,11560.0
OI001448,O00472,V043,1570,15.0,23550.0
OI001449,O00472,V031,1147,12.0,13764.0
OI001450,O00472,V059,1460,15.5,22630.0
OI001451,O00473,V051,1727,15.0,25905.0
OI001452,O00474,V041,524,15.0,7860.0
OI001453,O00474,V113,519,18.0,9342.0
OI001454,O00474,V063,752,8.0,6016.0
OI001455,O00475,V067,1274,8.0,10192.0
OI001456,O00475,V002,1928,5.5,10604.0
OI001457,O00475,V031,1644,12.0,19728.0
OI001458,O00475,V030,1563,13.0,20319.0
OI001459,O00476,V074,1976,8.5,16796.0
OI001460,O00476,V095,115,26.0,2990.0
OI001461,O00476,V064,1240,8.5,10540.0
OI001462,O00476,V058,1647,15.0,24705.0
OI001463,O00477,V086,392,25.0,9800.0
OI001464,O00477,V025,1249,13.0,16237.0
OI001465,O00477,V034,1543,12.5,19287.5
OI001466,O00477,V073,1566,8.0,12528.0
OI001467,O00477,V120,815,19.0,15485.0
OI001468,O00478,V068,254,8.0,2032.0
OI001469,O00478,V083,146,25.0,3650.0
OI001470,O00478,V034,919,12.5,11487.5
OI001471,O00478,V096,1094,25.0,27350.0
OI001472,O00479,V064,270,8.5,2295.0
OI001473,O00479,V002,244,5.5,1342.0
OI001474,O00480,V017,1283,5.5,7056.5
OI001475,O00480,V074,1294,8.5,10999.0
OI001476,O00480,V111,1946,18.0,35028.0
OI001477,O00480,V119,1109,18.5,20516.5
OI001478,O00481,V110,800,19.0,15200.0
OI001479,O00481,V024,1870,12.5,23375.0
OI001480,O00481,V011,407,5.5,2238.5
OI001481,O00481,V037,386,12.0,4632.0
OI001482,O00482,V113,1508,18.0,27144.0
OI001483,O00482,V020,250,6.5,1625.0
OI001484,O00482,V053,710,15.0,10650.0
OI001485,O00483,V118,1191,18.0,21438.0
OI001486,O00483,V047,1753,15.0,26295.0
OI001487,O00483,V070,614,9.0,5526.0
OI001488,O00484,V071,1868,8.0,14944.0
OI001489,O00484,V113,547,18.0,9846.0
OI001490,O00484,V046,1744,15.0,26160.0
OI001491,O00484,V013,529,5.5,2909.5
OI001492,O00484,V039,1689,12.5,21112.5
OI001493,O00485,V049,1760,15.5,27280.0
OI001494,O00485,V071,563,8.0,4504.0
OI001495,O00486,V052,463,15.0,6945.0
OI001496,O00486,V022,1733,12.0,20796.0
OI001497,O00487,V042,965,15.0,14475.0
OI001498,O00487,V090,1139,26.0,29614.0
OI001499,O00488,V110,951,19.0,18069.0
OI001500,O00488,V044,139,15.5,2154.5
OI001501,O00488,V050,1165,16.0,18640.0
OI001502,O00489,V080,400,9.0,3600.0
OI001503,O00489,V047,735,15.0,11025.0
OI001504,O00489,V061,1185,8.0,9480.0
OI001505,O00490,V097,1453,25.0,36325.0
OI001506,O00491,V071,947,8.0,7576.0
OI001507,O00492,V069,254,8.5,2159.0
OI001508,O00492,V025,810,13.0,10530.0
OI001509,O00492,V064,522,8.5,4437.0
OI001510,O00492,V014,468,6.0,2808.0
OI001511,O00492,V117,1784,18.0,32112.0
OI001512,O00493,V056,1643,15.0,24645.0
OI001513,O00493,V025,1785,13.0,23205.0
OI001514,O00493,V045,911,16.0,14576.0
OI001515,O00493,V086,1561,25.0,39025.0
OI001516,O00493,V080,860,9.0,7740.0
OI001517,O00494,V097,294,25.0,7350.0
OI001518,O00495,V016,518,5.5,2849.0
OI001519,O00495,V098,244,25.0,6100.0
OI001520,O00495,V118,1368,18.0,24624.0
OI001521,O00495,V114,94,18.5,1739.0
OI001522,O00495,V001,1840,5.5,10120.0
OI001523,O00496,V033,965,12.0,11580.0
OI001524,O00496,V004,1475,6.0,8850.0
OI001525,O00496,V023,1147,12.0,13764.0
OI001526,O00497,V097,1343,25.0,33575.0
OI001527,O00497,V114,423,18.5,7825.5
OI001528,O00497,V026,134,12.0,1608.0
OI001529,O00497,V011,850,5.5,4675.0
OI001530,O00497,V059,1261,15.5,19545.5
OI001531,O00498,V075,1278,9.0,11502.0
OI001532,O00498,V052,1851,15.0,27765.0
OI001533,O00498,V073,1223,8.0,9784.0
OI001534,O00499,V056,521,15.0,7815.0
OI001535,O00499,V069,1094,8.5,9299.0
OI001536,O00499,V118,961,18.0,17298.0
OI001537,O00499,V113,423,18.0,7614.0
OI001538,O00499,V098,151,25.0,3775.0
OI001539,O00500,V104,1140,18.5,21090.0
OI001540,O00500,V010,70,6.5,455.0
OI001541,O00500,V093,1812,25.0,45300.0
